Logo,Please add AAF logo,,,,,
,,,,,,
Es_Question,En_Question,ES_Focus of comment,Eng_Focus of comment,ES_comment,Eng_comment,PV_Comment,,,,,,,,,,,,,,,,,
"Cuando te sientes triste o estresado, ¿a quién o a qué recurres normalmente?","When you feel sad or stressed, who or what do you usually turn to?",Relajarme con alcohol o drogas,Relax with alcohol or drugs,"En vez de la palabra ""relajarme"" quizás poder reemplazar por ""Consumir""","Instead of the word ""relax"" perhaps we could replace it with ""Consume""","YES, to update sheet Elena Prieto Sulleiro",,,,,,,,,,,,,,,,,
"Cuando te sientes triste o estresado, ¿a quién o a qué recurres normalmente?","When you feel sad or stressed, who or what do you usually turn to?",Hablar con alguien de confianza,Talk to someone you trust,Aqui podria ponerse la alternativa de juntarme con mis amigos,Here I could put the alternative of getting together with my friends,We feel this would loost the meaning Michael Sani if we change this.,,,,,,,,,,,,,,,,,
"¿Qué opinas acerca de que la IA sea parte de tu vida, en la educación, el trabajo y todo lo demás?","What do you think about AI being a part of your life, in education, work, and everything else?","¿Qué opinas acerca de que la IA sea parte de tu vida, en la educación, el trabajo y todo lo demás?","What do you think about AI being a part of your life, in education, work, and everything else?","En la opción 4 dice ""sobretod emocionado"" supongo que dice ""emocionado""","Option 4 says ""overall excited,"" I suppose it means ""excited.""","YES, to update sheet Elena Prieto Sulleiro",,,,,,,,,,,,,,,,,
"¿Qué opinas acerca de que la IA sea parte de tu vida, en la educación, el trabajo y todo lo demás?","What do you think about AI being a part of your life, in education, work, and everything else?","¿Qué opinas acerca de que la IA sea parte de tu vida, en la educación, el trabajo y todo lo demás?","What do you think about AI being a part of your life, in education, work, and everything else?","QUizas seria bueno especificar qué es IA, porque no creo que todos los jovenes sepan","Perhaps it would be good to specify what AI is, because I don't think all young people know.","We could add an (i) on this questions, but how do we define in a child friendly way? Elena Prieto Sulleiro",,,,,,,,,,,,,,,,,
¿Cuál de estas maneras de actuar te parece la más adecuada?,Which of these courses of action do you think is the most appropriate?,¿Cuál de estas maneras de actuar te parece la más adecuada?,Which of these courses of action do you think is the most appropriate?,"Is the young kids image in relation to the answer, this is demographic is off","Is the young kids image in relation to the answer, this is demographic is off",Jamie Rae to review,,,,,,,,,,,,,,,,,
¿Cuál de estas maneras de actuar te parece la más adecuada?,Which of these courses of action do you think is the most appropriate?,¿Cuál de estas maneras de actuar te parece la más adecuada?,Which of these courses of action do you think is the most appropriate?,Esta rara esa pregunta no se entiende el fin de la pregunta,That's a strange question; the point of the question is unclear.,Elena Prieto Sulleiro to review phrasing,,,,,,,,,,,,,,,,,
¿Cuál de estas maneras de actuar te parece la más adecuada?,Which of these courses of action do you think is the most appropriate?,¿Cuál de estas maneras de actuar te parece la más adecuada?,Which of these courses of action do you think is the most appropriate?,"Compartir ideas para solucionar lo que esta funcionando : no se entiende esa frase, qué es lo que queremos decir? por ejemplo: Compartir ideas para solucionar lo que NO esta funcionando, o compartir ideas para solucionar algunos problemas que estamos viviendo","Sharing ideas to fix what isn't working: This phrase is unclear. What do we mean? For example: Sharing ideas to fix what ISN'T working, or sharing ideas to solve some problems we're experiencing.",Elena Prieto Sulleiro  to review translations ,,,,,,,,,,,,,,,,,
¿Cuál de estas maneras de actuar te parece la más adecuada?,Which of these courses of action do you think is the most appropriate?,Which of these courses of action do you think is the most appropriate?,Which of these courses of action do you think is the most appropriate?,"Cuando uno hace un comentario dice ""ahorrar"" que no es lo mismos que guardar o salvar la información","When someone makes a comment, they say ""save,"" which is not the same as saving or reserving information.",We don't understand this comment regarding save? This might of been left on the wrong questions,,,,,,,,,,,,,,,,,
¿Cuál de estas maneras de actuar te parece la más adecuada?,Which of these courses of action do you think is the most appropriate?,Which of these courses of action do you think is the most appropriate?,Which of these courses of action do you think is the most appropriate?,"Creo que la pregunta esta mal planteada, es dificil entender que se quiere que responda especificamente
","I think the question is poorly worded; it's difficult to understand what specific answer they're asking.

",Elena Prieto Sulleiro to review phrasing,,,,,,,,,,,,,,,,,
"Aparte de la seguridad financiera, ¿qué es lo que más te importa en el tipo de trabajo que te gustaría realizar?","Aside from financial security, what matters most to you in the type of work you would like to do?","Aparte de la seguridad financiera, ¿qué es lo que más te importa en el tipo de trabajo que te gustaría realizar?","Aside from financial security, what matters most to you in the type of work you would like to do?","quizas podria ser un lenguaje juvenil : además de ""ganar plata"" en un trabajo....","Perhaps it could be youth slang: besides ""making money"" at a job....",Elena Prieto Sulleiro  to review translations ,,,,,,,,,,,,,,,,,
"Aparte de la seguridad financiera, ¿qué es lo que más te importa en el tipo de trabajo que te gustaría realizar?","Aside from financial security, what matters most to you in the type of work you would like to do?","Aparte de la seguridad financiera, ¿qué es lo que más te importa en el tipo de trabajo que te gustaría realizar?","Aside from financial security, what matters most to you in the type of work you would like to do?",Poner seguridad financiera creo que es muy tecnico para que la persona pueda responder de buena forma la pregunta,"Putting ""financial security"" in my opinion is too technical a term for the person to answer the question properly.","Michael Sani What if we rephrased this to and user friendly way like, ""Aside from haveing money, what matters most with the type of work you do?"" Elena Prieto Sulleiro",,,,,,,,,,,,,,,,,
"En una escala del 1 al 10, ¿qué tan seguro/a está de que encontrará (o creará) un trabajo que sea adecuado para usted?","On a scale of 1 to 10, how confident are you that you will find (or create) a job that is right for you?","En una escala del 1 al 10, ¿qué tan seguro/a está de que encontrará (o creará) un trabajo que sea adecuado para usted?","On a scale of 1 to 10, how confident are you that you will find (or create) a job that is right for you?",Let's change this young kid image to teen +,Let's change this young kid image to teen +,Jamie Rae to review,,,,,,,,,,,,,,,,,
"En una escala del 1 al 10, ¿qué tan seguro/a está de que encontrará (o creará) un trabajo que sea adecuado para usted?","On a scale of 1 to 10, how confident are you that you will find (or create) a job that is right for you?","En una escala del 1 al 10, ¿qué tan seguro/a está de que encontrará (o creará) un trabajo que sea adecuado para usted?","On a scale of 1 to 10, how confident are you that you will find (or create) a job that is right for you?","Quizás debieramos hablar no de usted sino de tú. es decir: que trabajo te gustaría, qué trabajo crees que es adecuado para ti","Perhaps we should speak informally, not formally. In other words: what kind of job would you like, what kind of job do you think is suitable for you?",Elena Prieto Sulleiro to review phrasing,,,,,,,,,,,,,,,,,
¿Crees que los trabajos que ayudan al planeta son realistas en tu zona?,Do you think jobs that help the planet are realistic in your area?,¿Crees que los trabajos que ayudan al planeta son realistas en tu zona?,Do you think jobs that help the planet are realistic in your area?,"Hay que mejorar la redacción de esta preg…no se entiende 100%
","The wording of this question needs improvement...it's not entirely clear.

",Elena Prieto Sulleiro to review phrasing,,,,,,,,,,,,,,,,,
¿Crees que los trabajos que ayudan al planeta son realistas en tu zona?,Do you think jobs that help the planet are realistic in your area?,¿Crees que los trabajos que ayudan al planeta son realistas en tu zona?,Do you think jobs that help the planet are realistic in your area?,La pregunta puede ser un poco confusa.,The question may be a little confusing.,Elena Prieto Sulleiro to review phrasing,,,,,,,,,,,,,,,,,
"¿Qué hace actualmente
(o intenta hacer) para ayudar al medio ambiente?",What are you currently doing (or trying to do) to help the environment?,Toca el icono con el que estás de acuerdo,Tap the icon you agree with,"Todas las preguntas las dejaría hablandole a un tú, no usted. ej_ qué haces actualmente o intentas hacer...","I would phrase all the questions using ""tú"" (informal ""you""), not ""usted"" (formal ""you""). For example: What are you currently doing or trying to do?",Elena Prieto Sulleiro to review phrasing,,,,,,,,,,,,,,,,,
"En su opinión, ¿cuál es la principal razón por la que la gente no hace más por el planeta?","In your opinion, what is the main reason why people don't do more for the planet?","En su opinión, ¿cuál es la principal razón por la que la gente no hace más por el planeta?","In your opinion, what is the main reason why people don't do more for the planet?","Le sumaria el alternativa de que ""no tiene interes""","I would add the alternative that ""he has no interest""","What if we change Michael Sani from ""Low motivation"" to ""Has no interest"" ",,,,,,,,,,,,,,,,,
¿Qué tan preocupado está usted por el cambio climático?,How concerned are you about climate change?,¿Qué tan preocupado está usted por el cambio climático?,How concerned are you about climate change?,"Cambiar el usted por tu, gener mayor cercanía","Changing ""usted"" to ""tu"" creates greater closeness",Elena Prieto Sulleiro to review phrasing,,,,,,,,,,,,,,,,,
"¿Qué sueñas para el futuro, para ti o para tu comunidad?","What do you dream of for the future, for yourself or for your community?","¿Qué sueñas para el futuro, para ti o para tu comunidad?","What do you dream of for the future, for yourself or for your community?",Can we make sure the text is white so you can see what you wrote,Can we make sure the text is white so you can see what you wrote,Benjamin Pook currently being reviewed by team ,,,,,,,,,,,,,,,,,
¿Cuántos años tiene?,How old are you?,¿Cuántos años tiene?,How old are you?,"La primera opción ""De a"" no concluye ningún dato.","The first option ""From to"" does not provide any data.",Benjamin Pook currently being reviewed by team ,,,,,,,,,,,,,,,,,
¿Dónde vives?,Where do you live?,¿Dónde vives?,Where do you live?,Can the list appear as a pop Up? It’s not the best user experience to scroll through one place at a time,Can the list appear as a pop Up? It's not the best user experience to scroll through one place at a time,Benjamin Pook currently being reviewed by team ,,,,,,,,,,,,,,,,,
